detection_id,species,source_image,pixel_x,pixel_y,longitude,latitude,within_boundary_buffer,georeference_method,georeference_rmse_deg,control_point_count,notes
rhino_digitized_001,rhino,rhino_pages-14.png,940.79,134.21,17.063318,-18.651656,True,quadratic_gcp_warp_from_public_map_features,0.174143,13,approximate map-digitized detections from a public figure; not survey-grade coordinates
rhino_digitized_002,rhino,rhino_pages-14.png,899.0,146.64,16.88566,-18.673468,True,quadratic_gcp_warp_from_public_map_features,0.174143,13,approximate map-digitized detections from a public figure; not survey-grade coordinates
rhino_digitized_003,rhino,rhino_pages-14.png,941.0,151.12,17.052763,-18.711443,True,quadratic_gcp_warp_from_public_map_features,0.174143,13,approximate map-digitized detections from a public figure; not survey-grade coordinates
rhino_digitized_004,rhino,rhino_pages-14.png,945.5,155.5,17.068512,-18.728971,True,quadratic_gcp_warp_from_public_map_features,0.174143,13,approximate map-digitized detections from a public figure; not survey-grade coordinates
rhino_digitized_005,rhino,rhino_pages-14.png,848.5,158.0,16.678439,-18.69026,True,quadratic_gcp_warp_from_public_map_features,0.174143,13,approximate map-digitized detections from a public figure; not survey-grade coordinates
rhino_digitized_006,rhino,rhino_pages-14.png,878.0,160.0,16.792105,-18.710632,True,quadratic_gcp_warp_from_public_map_features,0.174143,13,approximate map-digitized detections from a public figure; not survey-grade coordinates
rhino_digitized_007,rhino,rhino_pages-14.png,283.5,161.5,14.960199,-18.627647,True,quadratic_gcp_warp_from_public_map_features,0.174143,13,approximate map-digitized detections from a public figure; not survey-grade coordinates
rhino_digitized_008,rhino,rhino_pages-14.png,261.7,162.3,14.911256,-18.635167,True,quadratic_gcp_warp_from_public_map_features,0.174143,13,approximate map-digitized detections from a public figure; not survey-grade coordinates
rhino_digitized_009,rhino,rhino_pages-14.png,287.0,169.0,14.953191,-18.661209,True,quadratic_gcp_warp_from_public_map_features,0.174143,13,approximate map-digitized detections from a public figure; not survey-grade coordinates
rhino_digitized_010,rhino,rhino_pages-14.png,269.5,171.0,14.91066,-18.673509,True,quadratic_gcp_warp_from_public_map_features,0.174143,13,approximate map-digitized detections from a public figure; not survey-grade coordinates
rhino_digitized_011,rhino,rhino_pages-14.png,385.5,173.5,15.179127,-18.668658,True,quadratic_gcp_warp_from_public_map_features,0.174143,13,approximate map-digitized detections from a public figure; not survey-grade coordinates
rhino_digitized_012,rhino,rhino_pages-14.png,827.3,173.7,16.583706,-18.73723,True,quadratic_gcp_warp_from_public_map_features,0.174143,13,approximate map-digitized detections from a public figure; not survey-grade coordinates
rhino_digitized_013,rhino,rhino_pages-14.png,878.0,180.0,16.777111,-18.7795,True,quadratic_gcp_warp_from_public_map_features,0.174143,13,approximate map-digitized detections from a public figure; not survey-grade coordinates
rhino_digitized_014,rhino,rhino_pages-14.png,885.0,181.0,16.804426,-18.785871,True,quadratic_gcp_warp_from_public_map_features,0.174143,13,approximate map-digitized detections from a public figure; not survey-grade coordinates
rhino_digitized_015,rhino,rhino_pages-14.png,898.0,184.17,16.854724,-18.802085,True,quadratic_gcp_warp_from_public_map_features,0.174143,13,approximate map-digitized detections from a public figure; not survey-grade coordinates
rhino_digitized_016,rhino,rhino_pages-14.png,280.5,185.0,14.907495,-18.733992,True,quadratic_gcp_warp_from_public_map_features,0.174143,13,approximate map-digitized detections from a public figure; not survey-grade coordinates
rhino_digitized_017,rhino,rhino_pages-14.png,913.0,187.0,16.914141,-18.818068,True,quadratic_gcp_warp_from_public_map_features,0.174143,13,approximate map-digitized detections from a public figure; not survey-grade coordinates
rhino_digitized_018,rhino,rhino_pages-14.png,247.17,188.94,14.8265,-18.759178,True,quadratic_gcp_warp_from_public_map_features,0.174143,13,approximate map-digitized detections from a public figure; not survey-grade coordinates
rhino_digitized_019,rhino,rhino_pages-14.png,846.5,198.0,16.638806,-18.827082,True,quadratic_gcp_warp_from_public_map_features,0.174143,13,approximate map-digitized detections from a public figure; not survey-grade coordinates
rhino_digitized_020,rhino,rhino_pages-14.png,865.0,198.0,16.712156,-18.833949,True,quadratic_gcp_warp_from_public_map_features,0.174143,13,approximate map-digitized detections from a public figure; not survey-grade coordinates
rhino_digitized_021,rhino,rhino_pages-14.png,843.0,199.0,16.624279,-18.829123,True,quadratic_gcp_warp_from_public_map_features,0.174143,13,approximate map-digitized detections from a public figure; not survey-grade coordinates
rhino_digitized_022,rhino,rhino_pages-14.png,313.5,202.0,14.951568,-18.800688,True,quadratic_gcp_warp_from_public_map_features,0.174143,13,approximate map-digitized detections from a public figure; not survey-grade coordinates
rhino_digitized_023,rhino,rhino_pages-14.png,201.0,204.0,14.699021,-18.839368,True,quadratic_gcp_warp_from_public_map_features,0.174143,13,approximate map-digitized detections from a public figure; not survey-grade coordinates
rhino_digitized_024,rhino,rhino_pages-14.png,193.5,210.0,14.671325,-18.868353,True,quadratic_gcp_warp_from_public_map_features,0.174143,13,approximate map-digitized detections from a public figure; not survey-grade coordinates
rhino_digitized_025,rhino,rhino_pages-14.png,854.5,210.0,16.661648,-18.868868,True,quadratic_gcp_warp_from_public_map_features,0.174143,13,approximate map-digitized detections from a public figure; not survey-grade coordinates
rhino_digitized_026,rhino,rhino_pages-14.png,200.0,211.0,14.682573,-18.870502,True,quadratic_gcp_warp_from_public_map_features,0.174143,13,approximate map-digitized detections from a public figure; not survey-grade coordinates
rhino_digitized_027,rhino,rhino_pages-14.png,193.5,214.0,14.663078,-18.885873,True,quadratic_gcp_warp_from_public_map_features,0.174143,13,approximate map-digitized detections from a public figure; not survey-grade coordinates
rhino_digitized_028,rhino,rhino_pages-14.png,288.27,216.6,14.865243,-18.86794,True,quadratic_gcp_warp_from_public_map_features,0.174143,13,approximate map-digitized detections from a public figure; not survey-grade coordinates
rhino_digitized_029,rhino,rhino_pages-14.png,915.5,224.0,16.902154,-18.93452,True,quadratic_gcp_warp_from_public_map_features,0.174143,13,approximate map-digitized detections from a public figure; not survey-grade coordinates
rhino_digitized_030,rhino,rhino_pages-14.png,208.5,231.0,14.659907,-18.953378,True,quadratic_gcp_warp_from_public_map_features,0.174143,13,approximate map-digitized detections from a public figure; not survey-grade coordinates
rhino_digitized_031,rhino,rhino_pages-14.png,200.0,233.0,14.637946,-18.964997,True,quadratic_gcp_warp_from_public_map_features,0.174143,13,approximate map-digitized detections from a public figure; not survey-grade coordinates
rhino_digitized_032,rhino,rhino_pages-14.png,893.0,233.64,16.802741,-18.954874,True,quadratic_gcp_warp_from_public_map_features,0.174143,13,approximate map-digitized detections from a public figure; not survey-grade coordinates
rhino_digitized_033,rhino,rhino_pages-14.png,865.5,236.0,16.688277,-18.952843,True,quadratic_gcp_warp_from_public_map_features,0.174143,13,approximate map-digitized detections from a public figure; not survey-grade coordinates
rhino_digitized_034,rhino,rhino_pages-14.png,923.5,236.0,16.929363,-18.972734,True,quadratic_gcp_warp_from_public_map_features,0.174143,13,approximate map-digitized detections from a public figure; not survey-grade coordinates
rhino_digitized_035,rhino,rhino_pages-14.png,198.5,237.0,14.626773,-18.982383,True,quadratic_gcp_warp_from_public_map_features,0.174143,13,approximate map-digitized detections from a public figure; not survey-grade coordinates
rhino_digitized_036,rhino,rhino_pages-14.png,208.0,237.0,14.646917,-18.978723,True,quadratic_gcp_warp_from_public_map_features,0.174143,13,approximate map-digitized detections from a public figure; not survey-grade coordinates
rhino_digitized_037,rhino,rhino_pages-14.png,189.6,239.0,14.604109,-18.994293,True,quadratic_gcp_warp_from_public_map_features,0.174143,13,approximate map-digitized detections from a public figure; not survey-grade coordinates
rhino_digitized_038,rhino,rhino_pages-14.png,835.0,239.64,16.562928,-18.95481,True,quadratic_gcp_warp_from_public_map_features,0.174143,13,approximate map-digitized detections from a public figure; not survey-grade coordinates
rhino_digitized_039,rhino,rhino_pages-14.png,909.23,240.23,16.866806,-18.979742,True,quadratic_gcp_warp_from_public_map_features,0.174143,13,approximate map-digitized detections from a public figure; not survey-grade coordinates
rhino_digitized_040,rhino,rhino_pages-14.png,183.5,241.5,14.586386,-19.007254,True,quadratic_gcp_warp_from_public_map_features,0.174143,13,approximate map-digitized detections from a public figure; not survey-grade coordinates
rhino_digitized_041,rhino,rhino_pages-14.png,843.5,241.0,16.596012,-18.961258,True,quadratic_gcp_warp_from_public_map_features,0.174143,13,approximate map-digitized detections from a public figure; not survey-grade coordinates
rhino_digitized_042,rhino,rhino_pages-14.png,288.0,242.0,14.81803,-18.9717,True,quadratic_gcp_warp_from_public_map_features,0.174143,13,approximate map-digitized detections from a public figure; not survey-grade coordinates
rhino_digitized_043,rhino,rhino_pages-14.png,278.0,246.0,14.787072,-18.99078,True,quadratic_gcp_warp_from_public_map_features,0.174143,13,approximate map-digitized detections from a public figure; not survey-grade coordinates
rhino_digitized_044,rhino,rhino_pages-14.png,234.0,247.0,14.684215,-19.010068,True,quadratic_gcp_warp_from_public_map_features,0.174143,13,approximate map-digitized detections from a public figure; not survey-grade coordinates
rhino_digitized_045,rhino,rhino_pages-14.png,464.23,250.23,15.271466,-18.964173,True,quadratic_gcp_warp_from_public_map_features,0.174143,13,approximate map-digitized detections from a public figure; not survey-grade coordinates
rhino_digitized_046,rhino,rhino_pages-14.png,839.23,250.23,16.572641,-18.987422,True,quadratic_gcp_warp_from_public_map_features,0.174143,13,approximate map-digitized detections from a public figure; not survey-grade coordinates
rhino_digitized_047,rhino,rhino_pages-14.png,824.0,252.0,16.510481,-18.988818,True,quadratic_gcp_warp_from_public_map_features,0.174143,13,approximate map-digitized detections from a public figure; not survey-grade coordinates
rhino_digitized_048,rhino,rhino_pages-14.png,828.5,256.0,16.525698,-19.001594,True,quadratic_gcp_warp_from_public_map_features,0.174143,13,approximate map-digitized detections from a public figure; not survey-grade coordinates
rhino_digitized_049,rhino,rhino_pages-14.png,849.25,256.81,16.608876,-19.009073,True,quadratic_gcp_warp_from_public_map_features,0.174143,13,approximate map-digitized detections from a public figure; not survey-grade coordinates
rhino_digitized_050,rhino,rhino_pages-14.png,453.5,259.0,15.227655,-18.997231,True,quadratic_gcp_warp_from_public_map_features,0.174143,13,approximate map-digitized detections from a public figure; not survey-grade coordinates
rhino_digitized_051,rhino,rhino_pages-14.png,431.5,260.71,15.161961,-19.007225,True,quadratic_gcp_warp_from_public_map_features,0.174143,13,approximate map-digitized detections from a public figure; not survey-grade coordinates
rhino_digitized_052,rhino,rhino_pages-14.png,470.75,260.56,15.275985,-19.000102,True,quadratic_gcp_warp_from_public_map_features,0.174143,13,approximate map-digitized detections from a public figure; not survey-grade coordinates
rhino_digitized_053,rhino,rhino_pages-14.png,745.68,260.89,16.20019,-19.000423,True,quadratic_gcp_warp_from_public_map_features,0.174143,13,approximate map-digitized detections from a public figure; not survey-grade coordinates
rhino_digitized_054,rhino,rhino_pages-14.png,769.0,261.0,16.288777,-19.004318,True,quadratic_gcp_warp_from_public_map_features,0.174143,13,approximate map-digitized detections from a public figure; not survey-grade coordinates
rhino_digitized_055,rhino,rhino_pages-14.png,839.5,261.43,16.566377,-19.019832,True,quadratic_gcp_warp_from_public_map_features,0.174143,13,approximate map-digitized detections from a public figure; not survey-grade coordinates
rhino_digitized_056,rhino,rhino_pages-14.png,847.0,261.0,16.597078,-19.020439,True,quadratic_gcp_warp_from_public_map_features,0.174143,13,approximate map-digitized detections from a public figure; not survey-grade coordinates
rhino_digitized_057,rhino,rhino_pages-14.png,795.61,264.35,16.389483,-19.018868,True,quadratic_gcp_warp_from_public_map_features,0.174143,13,approximate map-digitized detections from a public figure; not survey-grade coordinates
rhino_digitized_058,rhino,rhino_pages-14.png,814.0,263.0,16.463062,-19.018617,True,quadratic_gcp_warp_from_public_map_features,0.174143,13,approximate map-digitized detections from a public figure; not survey-grade coordinates
rhino_digitized_059,rhino,rhino_pages-14.png,238.3,264.3,14.661264,-19.077346,True,quadratic_gcp_warp_from_public_map_features,0.174143,13,approximate map-digitized detections from a public figure; not survey-grade coordinates
rhino_digitized_060,rhino,rhino_pages-14.png,483.0,264.0,15.307721,-19.010371,True,quadratic_gcp_warp_from_public_map_features,0.174143,13,approximate map-digitized detections from a public figure; not survey-grade coordinates
rhino_digitized_061,rhino,rhino_pages-14.png,780.5,268.0,16.32779,-19.026817,True,quadratic_gcp_warp_from_public_map_features,0.174143,13,approximate map-digitized detections from a public figure; not survey-grade coordinates
rhino_digitized_062,rhino,rhino_pages-14.png,168.0,270.0,14.496892,-19.130863,True,quadratic_gcp_warp_from_public_map_features,0.174143,13,approximate map-digitized detections from a public figure; not survey-grade coordinates
rhino_digitized_063,rhino,rhino_pages-14.png,187.0,270.64,14.535768,-19.124415,True,quadratic_gcp_warp_from_public_map_features,0.174143,13,approximate map-digitized detections from a public figure; not survey-grade coordinates
rhino_digitized_064,rhino,rhino_pages-14.png,241.0,270.0,14.656859,-19.098459,True,quadratic_gcp_warp_from_public_map_features,0.174143,13,approximate map-digitized detections from a public figure; not survey-grade coordinates
rhino_digitized_065,rhino,rhino_pages-14.png,472.0,270.0,15.266595,-19.032821,True,quadratic_gcp_warp_from_public_map_features,0.174143,13,approximate map-digitized detections from a public figure; not survey-grade coordinates
rhino_digitized_066,rhino,rhino_pages-14.png,785.5,270.0,16.345776,-19.033436,True,quadratic_gcp_warp_from_public_map_features,0.174143,13,approximate map-digitized detections from a public figure; not survey-grade coordinates
rhino_digitized_067,rhino,rhino_pages-14.png,796.0,270.0,16.386937,-19.035245,True,quadratic_gcp_warp_from_public_map_features,0.174143,13,approximate map-digitized detections from a public figure; not survey-grade coordinates
rhino_digitized_068,rhino,rhino_pages-14.png,862.0,270.0,16.653106,-19.049264,True,quadratic_gcp_warp_from_public_map_features,0.174143,13,approximate map-digitized detections from a public figure; not survey-grade coordinates
rhino_digitized_069,rhino,rhino_pages-14.png,752.5,271.0,16.217726,-19.031447,True,quadratic_gcp_warp_from_public_map_features,0.174143,13,approximate map-digitized detections from a public figure; not survey-grade coordinates
rhino_digitized_070,rhino,rhino_pages-14.png,127.0,272.0,14.40978,-19.15966,True,quadratic_gcp_warp_from_public_map_features,0.174143,13,approximate map-digitized detections from a public figure; not survey-grade coordinates
rhino_digitized_071,rhino,rhino_pages-14.png,144.3,272.7,14.44282,-19.153487,True,quadratic_gcp_warp_from_public_map_features,0.174143,13,approximate map-digitized detections from a public figure; not survey-grade coordinates
rhino_digitized_072,rhino,rhino_pages-14.png,868.77,272.54,16.679696,-19.057871,True,quadratic_gcp_warp_from_public_map_features,0.174143,13,approximate map-digitized detections from a public figure; not survey-grade coordinates
rhino_digitized_073,rhino,rhino_pages-14.png,206.22,274.19,14.570673,-19.1296,True,quadratic_gcp_warp_from_public_map_features,0.174143,13,approximate map-digitized detections from a public figure; not survey-grade coordinates
rhino_digitized_074,rhino,rhino_pages-14.png,446.5,273.0,15.187281,-19.047775,True,quadratic_gcp_warp_from_public_map_features,0.174143,13,approximate map-digitized detections from a public figure; not survey-grade coordinates
rhino_digitized_075,rhino,rhino_pages-14.png,234.3,275.3,14.63168,-19.121679,True,quadratic_gcp_warp_from_public_map_features,0.174143,13,approximate map-digitized detections from a public figure; not survey-grade coordinates
rhino_digitized_076,rhino,rhino_pages-14.png,216.0,276.0,14.588945,-19.132294,True,quadratic_gcp_warp_from_public_map_features,0.174143,13,approximate map-digitized detections from a public figure; not survey-grade coordinates
rhino_digitized_077,rhino,rhino_pages-14.png,259.23,276.92,14.686768,-19.117638,True,quadratic_gcp_warp_from_public_map_features,0.174143,13,approximate map-digitized detections from a public figure; not survey-grade coordinates
rhino_digitized_078,rhino,rhino_pages-14.png,460.7,276.3,15.224325,-19.056459,True,quadratic_gcp_warp_from_public_map_features,0.174143,13,approximate map-digitized detections from a public figure; not survey-grade coordinates
rhino_digitized_079,rhino,rhino_pages-14.png,117.21,277.36,14.379468,-19.186647,True,quadratic_gcp_warp_from_public_map_features,0.174143,13,approximate map-digitized detections from a public figure; not survey-grade coordinates
rhino_digitized_080,rhino,rhino_pages-14.png,201.7,278.3,14.552847,-19.14768,True,quadratic_gcp_warp_from_public_map_features,0.174143,13,approximate map-digitized detections from a public figure; not survey-grade coordinates
rhino_digitized_081,rhino,rhino_pages-14.png,252.5,278.71,14.667663,-19.127141,True,quadratic_gcp_warp_from_public_map_features,0.174143,13,approximate map-digitized detections from a public figure; not survey-grade coordinates
rhino_digitized_082,rhino,rhino_pages-14.png,843.5,280.0,16.571107,-19.072285,True,quadratic_gcp_warp_from_public_map_features,0.174143,13,approximate map-digitized detections from a public figure; not survey-grade coordinates
rhino_digitized_083,rhino,rhino_pages-14.png,208.5,281.0,14.562757,-19.154985,True,quadratic_gcp_warp_from_public_map_features,0.174143,13,approximate map-digitized detections from a public figure; not survey-grade coordinates
rhino_digitized_084,rhino,rhino_pages-14.png,216.0,281.0,14.579532,-19.151568,True,quadratic_gcp_warp_from_public_map_features,0.174143,13,approximate map-digitized detections from a public figure; not survey-grade coordinates
rhino_digitized_085,rhino,rhino_pages-14.png,468.5,281.5,15.240393,-19.072685,True,quadratic_gcp_warp_from_public_map_features,0.174143,13,approximate map-digitized detections from a public figure; not survey-grade coordinates
rhino_digitized_086,rhino,rhino_pages-14.png,730.17,281.94,16.124218,-19.060936,True,quadratic_gcp_warp_from_public_map_features,0.174143,13,approximate map-digitized detections from a public figure; not survey-grade coordinates
rhino_digitized_087,rhino,rhino_pages-14.png,917.0,281.0,16.879681,-19.093089,True,quadratic_gcp_warp_from_public_map_features,0.174143,13,approximate map-digitized detections from a public figure; not survey-grade coordinates
rhino_digitized_088,rhino,rhino_pages-14.png,813.23,282.92,16.44655,-19.074461,True,quadratic_gcp_warp_from_public_map_features,0.174143,13,approximate map-digitized detections from a public figure; not survey-grade coordinates
rhino_digitized_089,rhino,rhino_pages-14.png,377.0,283.36,14.975971,-19.10081,True,quadratic_gcp_warp_from_public_map_features,0.174143,13,approximate map-digitized detections from a public figure; not survey-grade coordinates
rhino_digitized_090,rhino,rhino_pages-14.png,914.0,283.0,16.865846,-19.097364,True,quadratic_gcp_warp_from_public_map_features,0.174143,13,approximate map-digitized detections from a public figure; not survey-grade coordinates
rhino_digitized_091,rhino,rhino_pages-14.png,120.5,286.0,14.367988,-19.219462,True,quadratic_gcp_warp_from_public_map_features,0.174143,13,approximate map-digitized detections from a public figure; not survey-grade coordinates
rhino_digitized_092,rhino,rhino_pages-14.png,733.13,287.13,16.131171,-19.076101,True,quadratic_gcp_warp_from_public_map_features,0.174143,13,approximate map-digitized detections from a public figure; not survey-grade coordinates
rhino_digitized_093,rhino,rhino_pages-14.png,807.0,288.0,16.418239,-19.087273,True,quadratic_gcp_warp_from_public_map_features,0.174143,13,approximate map-digitized detections from a public figure; not survey-grade coordinates
rhino_digitized_094,rhino,rhino_pages-14.png,244.3,289.3,14.629286,-19.170369,True,quadratic_gcp_warp_from_public_map_features,0.174143,13,approximate map-digitized detections from a public figure; not survey-grade coordinates
rhino_digitized_095,rhino,rhino_pages-14.png,718.0,289.36,16.072356,-19.081409,True,quadratic_gcp_warp_from_public_map_features,0.174143,13,approximate map-digitized detections from a public figure; not survey-grade coordinates
rhino_digitized_096,rhino,rhino_pages-14.png,230.0,290.36,14.594063,-19.180712,True,quadratic_gcp_warp_from_public_map_features,0.174143,13,approximate map-digitized detections from a public figure; not survey-grade coordinates
rhino_digitized_097,rhino,rhino_pages-14.png,457.5,292.0,15.193225,-19.11005,True,quadratic_gcp_warp_from_public_map_features,0.174143,13,approximate map-digitized detections from a public figure; not survey-grade coordinates
rhino_digitized_098,rhino,rhino_pages-14.png,653.0,295.0,15.829725,-19.096383,True,quadratic_gcp_warp_from_public_map_features,0.174143,13,approximate map-digitized detections from a public figure; not survey-grade coordinates
rhino_digitized_099,rhino,rhino_pages-14.png,718.0,295.0,16.067671,-19.097438,True,quadratic_gcp_warp_from_public_map_features,0.174143,13,approximate map-digitized detections from a public figure; not survey-grade coordinates
rhino_digitized_100,rhino,rhino_pages-14.png,742.0,295.59,16.158221,-19.100584,True,quadratic_gcp_warp_from_public_map_features,0.174143,13,approximate map-digitized detections from a public figure; not survey-grade coordinates
rhino_digitized_101,rhino,rhino_pages-14.png,362.5,296.5,14.916232,-19.151129,True,quadratic_gcp_warp_from_public_map_features,0.174143,13,approximate map-digitized detections from a public figure; not survey-grade coordinates
rhino_digitized_102,rhino,rhino_pages-14.png,899.0,296.0,16.795454,-19.126263,True,quadratic_gcp_warp_from_public_map_features,0.174143,13,approximate map-digitized detections from a public figure; not survey-grade coordinates
rhino_digitized_103,rhino,rhino_pages-14.png,175.7,297.7,14.458896,-19.234902,True,quadratic_gcp_warp_from_public_map_features,0.174143,13,approximate map-digitized detections from a public figure; not survey-grade coordinates
rhino_digitized_104,rhino,rhino_pages-14.png,675.5,297.5,15.908407,-19.103474,True,quadratic_gcp_warp_from_public_map_features,0.174143,13,approximate map-digitized detections from a public figure; not survey-grade coordinates
rhino_digitized_105,rhino,rhino_pages-14.png,128.5,301.0,14.353428,-19.273569,True,quadratic_gcp_warp_from_public_map_features,0.174143,13,approximate map-digitized detections from a public figure; not survey-grade coordinates
rhino_digitized_106,rhino,rhino_pages-14.png,438.0,301.5,15.122397,-19.146028,True,quadratic_gcp_warp_from_public_map_features,0.174143,13,approximate map-digitized detections from a public figure; not survey-grade coordinates
rhino_digitized_107,rhino,rhino_pages-14.png,685.77,305.54,15.938846,-19.126326,True,quadratic_gcp_warp_from_public_map_features,0.174143,13,approximate map-digitized detections from a public figure; not survey-grade coordinates
rhino_digitized_108,rhino,rhino_pages-14.png,704.7,307.7,16.007304,-19.132437,True,quadratic_gcp_warp_from_public_map_features,0.174143,13,approximate map-digitized detections from a public figure; not survey-grade coordinates
rhino_digitized_109,rhino,rhino_pages-14.png,646.0,308.0,15.792373,-19.134321,True,quadratic_gcp_warp_from_public_map_features,0.174143,13,approximate map-digitized detections from a public figure; not survey-grade coordinates
rhino_digitized_110,rhino,rhino_pages-14.png,673.0,308.0,15.889858,-19.133385,True,quadratic_gcp_warp_from_public_map_features,0.174143,13,approximate map-digitized detections from a public figure; not survey-grade coordinates
rhino_digitized_111,rhino,rhino_pages-14.png,701.5,312.0,15.991775,-19.144203,True,quadratic_gcp_warp_from_public_map_features,0.174143,13,approximate map-digitized detections from a public figure; not survey-grade coordinates
rhino_digitized_112,rhino,rhino_pages-14.png,718.0,312.0,16.053929,-19.144383,True,quadratic_gcp_warp_from_public_map_features,0.174143,13,approximate map-digitized detections from a public figure; not survey-grade coordinates
rhino_digitized_113,rhino,rhino_pages-14.png,230.73,314.0,14.553077,-19.266783,True,quadratic_gcp_warp_from_public_map_features,0.174143,13,approximate map-digitized detections from a public figure; not survey-grade coordinates
rhino_digitized_114,rhino,rhino_pages-14.png,905.3,313.7,16.815056,-19.170475,True,quadratic_gcp_warp_from_public_map_features,0.174143,13,approximate map-digitized detections from a public figure; not survey-grade coordinates
rhino_digitized_115,rhino,rhino_pages-14.png,352.5,316.0,14.859071,-19.220835,True,quadratic_gcp_warp_from_public_map_features,0.174143,13,approximate map-digitized detections from a public figure; not survey-grade coordinates
rhino_digitized_116,rhino,rhino_pages-14.png,646.0,318.0,15.783011,-19.162551,True,quadratic_gcp_warp_from_public_map_features,0.174143,13,approximate map-digitized detections from a public figure; not survey-grade coordinates
rhino_digitized_117,rhino,rhino_pages-14.png,660.5,319.0,15.834497,-19.164446,True,quadratic_gcp_warp_from_public_map_features,0.174143,13,approximate map-digitized detections from a public figure; not survey-grade coordinates
rhino_digitized_118,rhino,rhino_pages-14.png,668.0,319.0,15.861849,-19.164073,True,quadratic_gcp_warp_from_public_map_features,0.174143,13,approximate map-digitized detections from a public figure; not survey-grade coordinates
rhino_digitized_119,rhino,rhino_pages-14.png,828.5,319.0,16.486949,-19.170271,True,quadratic_gcp_warp_from_public_map_features,0.174143,13,approximate map-digitized detections from a public figure; not survey-grade coordinates
rhino_digitized_120,rhino,rhino_pages-14.png,651.9,320.76,15.80175,-19.169812,True,quadratic_gcp_warp_from_public_map_features,0.174143,13,approximate map-digitized detections from a public figure; not survey-grade coordinates
rhino_digitized_121,rhino,rhino_pages-14.png,701.0,321.36,15.982257,-19.169449,True,quadratic_gcp_warp_from_public_map_features,0.174143,13,approximate map-digitized detections from a public figure; not survey-grade coordinates
rhino_digitized_122,rhino,rhino_pages-14.png,691.0,322.0,15.944276,-19.171359,True,quadratic_gcp_warp_from_public_map_features,0.174143,13,approximate map-digitized detections from a public figure; not survey-grade coordinates
rhino_digitized_123,rhino,rhino_pages-14.png,446.5,323.0,15.118617,-19.212488,True,quadratic_gcp_warp_from_public_map_features,0.174143,13,approximate map-digitized detections from a public figure; not survey-grade coordinates
rhino_digitized_124,rhino,rhino_pages-14.png,639.5,323.5,15.754594,-19.178289,True,quadratic_gcp_warp_from_public_map_features,0.174143,13,approximate map-digitized detections from a public figure; not survey-grade coordinates
rhino_digitized_125,rhino,rhino_pages-14.png,657.3,323.3,15.81902,-19.176418,True,quadratic_gcp_warp_from_public_map_features,0.174143,13,approximate map-digitized detections from a public figure; not survey-grade coordinates
rhino_digitized_126,rhino,rhino_pages-14.png,204.5,324.0,14.473988,-19.315963,True,quadratic_gcp_warp_from_public_map_features,0.174143,13,approximate map-digitized detections from a public figure; not survey-grade coordinates
rhino_digitized_127,rhino,rhino_pages-14.png,249.36,325.0,14.578486,-19.296168,True,quadratic_gcp_warp_from_public_map_features,0.174143,13,approximate map-digitized detections from a public figure; not survey-grade coordinates
rhino_digitized_128,rhino,rhino_pages-14.png,352.3,324.7,14.845297,-19.24964,True,quadratic_gcp_warp_from_public_map_features,0.174143,13,approximate map-digitized detections from a public figure; not survey-grade coordinates
rhino_digitized_129,rhino,rhino_pages-14.png,653.21,325.36,15.802343,-19.182301,True,quadratic_gcp_warp_from_public_map_features,0.174143,13,approximate map-digitized detections from a public figure; not survey-grade coordinates
rhino_digitized_130,rhino,rhino_pages-14.png,694.5,326.5,15.95369,-19.18321,True,quadratic_gcp_warp_from_public_map_features,0.174143,13,approximate map-digitized detections from a public figure; not survey-grade coordinates
rhino_digitized_131,rhino,rhino_pages-14.png,665.0,327.0,15.843869,-19.18594,True,quadratic_gcp_warp_from_public_map_features,0.174143,13,approximate map-digitized detections from a public figure; not survey-grade coordinates
rhino_digitized_132,rhino,rhino_pages-14.png,712.5,327.0,16.021309,-19.184114,True,quadratic_gcp_warp_from_public_map_features,0.174143,13,approximate map-digitized detections from a public figure; not survey-grade coordinates
rhino_digitized_133,rhino,rhino_pages-14.png,727.0,327.64,16.076327,-19.185666,True,quadratic_gcp_warp_from_public_map_features,0.174143,13,approximate map-digitized detections from a public figure; not survey-grade coordinates
rhino_digitized_134,rhino,rhino_pages-14.png,601.5,328.0,15.616055,-19.194882,True,quadratic_gcp_warp_from_public_map_features,0.174143,13,approximate map-digitized detections from a public figure; not survey-grade coordinates
rhino_digitized_135,rhino,rhino_pages-14.png,657.0,328.0,15.813754,-19.189178,True,quadratic_gcp_warp_from_public_map_features,0.174143,13,approximate map-digitized detections from a public figure; not survey-grade coordinates
rhino_digitized_136,rhino,rhino_pages-14.png,679.5,328.0,15.89649,-19.187788,True,quadratic_gcp_warp_from_public_map_features,0.174143,13,approximate map-digitized detections from a public figure; not survey-grade coordinates
rhino_digitized_137,rhino,rhino_pages-14.png,183.94,329.82,14.416516,-19.348059,True,quadratic_gcp_warp_from_public_map_features,0.174143,13,approximate map-digitized detections from a public figure; not survey-grade coordinates
rhino_digitized_138,rhino,rhino_pages-14.png,835.23,331.92,16.508036,-19.201991,True,quadratic_gcp_warp_from_public_map_features,0.174143,13,approximate map-digitized detections from a public figure; not survey-grade coordinates
rhino_digitized_139,rhino,rhino_pages-14.png,843.23,332.23,16.541398,-19.203593,True,quadratic_gcp_warp_from_public_map_features,0.174143,13,approximate map-digitized detections from a public figure; not survey-grade coordinates
rhino_digitized_140,rhino,rhino_pages-14.png,138.5,336.0,14.305263,-19.39746,False,quadratic_gcp_warp_from_public_map_features,0.174143,13,approximate map-digitized detections from a public figure; not survey-grade coordinates
rhino_digitized_141,rhino,rhino_pages-14.png,193.0,337.64,14.422835,-19.370201,True,quadratic_gcp_warp_from_public_map_features,0.174143,13,approximate map-digitized detections from a public figure; not survey-grade coordinates
rhino_digitized_142,rhino,rhino_pages-14.png,687.21,337.36,15.917596,-19.211807,True,quadratic_gcp_warp_from_public_map_features,0.174143,13,approximate map-digitized detections from a public figure; not survey-grade coordinates
rhino_digitized_143,rhino,rhino_pages-14.png,705.23,337.92,15.985242,-19.212352,True,quadratic_gcp_warp_from_public_map_features,0.174143,13,approximate map-digitized detections from a public figure; not survey-grade coordinates
rhino_digitized_144,rhino,rhino_pages-14.png,233.77,338.23,14.51784,-19.349494,True,quadratic_gcp_warp_from_public_map_features,0.174143,13,approximate map-digitized detections from a public figure; not survey-grade coordinates
rhino_digitized_145,rhino,rhino_pages-14.png,601.0,338.5,15.603947,-19.223898,True,quadratic_gcp_warp_from_public_map_features,0.174143,13,approximate map-digitized detections from a public figure; not survey-grade coordinates
rhino_digitized_146,rhino,rhino_pages-14.png,833.23,338.23,16.49647,-19.216429,True,quadratic_gcp_warp_from_public_map_features,0.174143,13,approximate map-digitized detections from a public figure; not survey-grade coordinates
rhino_digitized_147,rhino,rhino_pages-14.png,249.5,339.0,14.554921,-19.343759,True,quadratic_gcp_warp_from_public_map_features,0.174143,13,approximate map-digitized detections from a public figure; not survey-grade coordinates
rhino_digitized_148,rhino,rhino_pages-14.png,630.5,340.0,15.707115,-19.223875,True,quadratic_gcp_warp_from_public_map_features,0.174143,13,approximate map-digitized detections from a public figure; not survey-grade coordinates
rhino_digitized_149,rhino,rhino_pages-14.png,644.3,340.7,15.756323,-19.224113,True,quadratic_gcp_warp_from_public_map_features,0.174143,13,approximate map-digitized detections from a public figure; not survey-grade coordinates
rhino_digitized_150,rhino,rhino_pages-14.png,490.5,342.0,15.230974,-19.257231,True,quadratic_gcp_warp_from_public_map_features,0.174143,13,approximate map-digitized detections from a public figure; not survey-grade coordinates
rhino_digitized_151,rhino,rhino_pages-14.png,540.0,344.0,15.38989,-19.250549,True,quadratic_gcp_warp_from_public_map_features,0.174143,13,approximate map-digitized detections from a public figure; not survey-grade coordinates
rhino_digitized_152,rhino,rhino_pages-14.png,818.5,344.5,16.431842,-19.229612,True,quadratic_gcp_warp_from_public_map_features,0.174143,13,approximate map-digitized detections from a public figure; not survey-grade coordinates
rhino_digitized_153,rhino,rhino_pages-14.png,635.5,345.0,15.720611,-19.236407,True,quadratic_gcp_warp_from_public_map_features,0.174143,13,approximate map-digitized detections from a public figure; not survey-grade coordinates
rhino_digitized_154,rhino,rhino_pages-14.png,680.0,346.5,15.883208,-19.235577,True,quadratic_gcp_warp_from_public_map_features,0.174143,13,approximate map-digitized detections from a public figure; not survey-grade coordinates
rhino_digitized_155,rhino,rhino_pages-14.png,731.0,346.0,16.078618,-19.231497,True,quadratic_gcp_warp_from_public_map_features,0.174143,13,approximate map-digitized detections from a public figure; not survey-grade coordinates
rhino_digitized_156,rhino,rhino_pages-14.png,558.0,347.0,15.447185,-19.254896,True,quadratic_gcp_warp_from_public_map_features,0.174143,13,approximate map-digitized detections from a public figure; not survey-grade coordinates
rhino_digitized_157,rhino,rhino_pages-14.png,572.0,350.0,15.491897,-19.260125,True,quadratic_gcp_warp_from_public_map_features,0.174143,13,approximate map-digitized detections from a public figure; not survey-grade coordinates
rhino_digitized_158,rhino,rhino_pages-14.png,790.5,351.0,16.312972,-19.24317,True,quadratic_gcp_warp_from_public_map_features,0.174143,13,approximate map-digitized detections from a public figure; not survey-grade coordinates
rhino_digitized_159,rhino,rhino_pages-14.png,568.5,353.0,15.47683,-19.26889,True,quadratic_gcp_warp_from_public_map_features,0.174143,13,approximate map-digitized detections from a public figure; not survey-grade coordinates
rhino_digitized_160,rhino,rhino_pages-14.png,653.0,352.0,15.778375,-19.252206,True,quadratic_gcp_warp_from_public_map_features,0.174143,13,approximate map-digitized detections from a public figure; not survey-grade coordinates
rhino_digitized_161,rhino,rhino_pages-14.png,621.7,357.7,15.659458,-19.271125,True,quadratic_gcp_warp_from_public_map_features,0.174143,13,approximate map-digitized detections from a public figure; not survey-grade coordinates
rhino_digitized_162,rhino,rhino_pages-14.png,566.5,363.0,15.459886,-19.295711,True,quadratic_gcp_warp_from_public_map_features,0.174143,13,approximate map-digitized detections from a public figure; not survey-grade coordinates
rhino_digitized_163,rhino,rhino_pages-14.png,616.0,364.12,15.633192,-19.288325,True,quadratic_gcp_warp_from_public_map_features,0.174143,13,approximate map-digitized detections from a public figure; not survey-grade coordinates
rhino_digitized_164,rhino,rhino_pages-14.png,677.5,365.3,15.859068,-19.28191,True,quadratic_gcp_warp_from_public_map_features,0.174143,13,approximate map-digitized detections from a public figure; not survey-grade coordinates
rhino_digitized_165,rhino,rhino_pages-14.png,695.0,364.0,15.926631,-19.276909,True,quadratic_gcp_warp_from_public_map_features,0.174143,13,approximate map-digitized detections from a public figure; not survey-grade coordinates
rhino_digitized_166,rhino,rhino_pages-14.png,650.5,366.0,15.757494,-19.287229,True,quadratic_gcp_warp_from_public_map_features,0.174143,13,approximate map-digitized detections from a public figure; not survey-grade coordinates
rhino_digitized_167,rhino,rhino_pages-14.png,600.83,369.72,15.57383,-19.305271,True,quadratic_gcp_warp_from_public_map_features,0.174143,13,approximate map-digitized detections from a public figure; not survey-grade coordinates
rhino_digitized_168,rhino,rhino_pages-14.png,679.3,370.7,15.861784,-19.29445,True,quadratic_gcp_warp_from_public_map_features,0.174143,13,approximate map-digitized detections from a public figure; not survey-grade coordinates
rhino_digitized_169,rhino,rhino_pages-14.png,730.0,371.0,16.05788,-19.290002,True,quadratic_gcp_warp_from_public_map_features,0.174143,13,approximate map-digitized detections from a public figure; not survey-grade coordinates
rhino_digitized_170,rhino,rhino_pages-14.png,657.0,379.64,15.770796,-19.31856,True,quadratic_gcp_warp_from_public_map_features,0.174143,13,approximate map-digitized detections from a public figure; not survey-grade coordinates
rhino_digitized_171,rhino,rhino_pages-14.png,724.0,383.0,16.026466,-19.317053,True,quadratic_gcp_warp_from_public_map_features,0.174143,13,approximate map-digitized detections from a public figure; not survey-grade coordinates
rhino_digitized_172,rhino,rhino_pages-14.png,760.5,384.0,16.172181,-19.316094,True,quadratic_gcp_warp_from_public_map_features,0.174143,13,approximate map-digitized detections from a public figure; not survey-grade coordinates
rhino_digitized_173,rhino,rhino_pages-14.png,661.5,385.5,15.783211,-19.331234,True,quadratic_gcp_warp_from_public_map_features,0.174143,13,approximate map-digitized detections from a public figure; not survey-grade coordinates
rhino_digitized_174,rhino,rhino_pages-14.png,709.0,385.0,15.966161,-19.323099,True,quadratic_gcp_warp_from_public_map_features,0.174143,13,approximate map-digitized detections from a public figure; not survey-grade coordinates
rhino_digitized_175,rhino,rhino_pages-14.png,721.29,386.18,16.013748,-19.324212,True,quadratic_gcp_warp_from_public_map_features,0.174143,13,approximate map-digitized detections from a public figure; not survey-grade coordinates
rhino_digitized_176,rhino,rhino_pages-14.png,730.3,387.3,16.048769,-19.325645,True,quadratic_gcp_warp_from_public_map_features,0.174143,13,approximate map-digitized detections from a public figure; not survey-grade coordinates
rhino_digitized_177,rhino,rhino_pages-14.png,691.0,390.0,15.892718,-19.336466,True,quadratic_gcp_warp_from_public_map_features,0.174143,13,approximate map-digitized detections from a public figure; not survey-grade coordinates
rhino_digitized_178,rhino,rhino_pages-14.png,683.0,391.64,15.860694,-19.341285,True,quadratic_gcp_warp_from_public_map_features,0.174143,13,approximate map-digitized detections from a public figure; not survey-grade coordinates
rhino_digitized_179,rhino,rhino_pages-14.png,713.23,392.23,15.978063,-19.338138,True,quadratic_gcp_warp_from_public_map_features,0.174143,13,approximate map-digitized detections from a public figure; not survey-grade coordinates
rhino_digitized_180,rhino,rhino_pages-14.png,721.0,394.0,16.007668,-19.340872,True,quadratic_gcp_warp_from_public_map_features,0.174143,13,approximate map-digitized detections from a public figure; not survey-grade coordinates
rhino_digitized_181,rhino,rhino_pages-14.png,742.5,395.5,16.092784,-19.341481,True,quadratic_gcp_warp_from_public_map_features,0.174143,13,approximate map-digitized detections from a public figure; not survey-grade coordinates
rhino_digitized_182,rhino,rhino_pages-14.png,774.5,396.0,16.223121,-19.339612,True,quadratic_gcp_warp_from_public_map_features,0.174143,13,approximate map-digitized detections from a public figure; not survey-grade coordinates
rhino_digitized_183,rhino,rhino_pages-14.png,705.0,398.64,15.941559,-19.352803,True,quadratic_gcp_warp_from_public_map_features,0.174143,13,approximate map-digitized detections from a public figure; not survey-grade coordinates
rhino_digitized_184,rhino,rhino_pages-14.png,709.5,402.0,15.957148,-19.359101,True,quadratic_gcp_warp_from_public_map_features,0.174143,13,approximate map-digitized detections from a public figure; not survey-grade coordinates
